<?xml version="1.0" encoding="UTF-8" ?>
<!DOCTYPE mapper
        PUBLIC "-//mybatis.org//DTD Mapper 3.0//EN"
        "https://mybatis.org/dtd/mybatis-3-mapper.dtd">

<mapper namespace="com.perfume.mybatis.MemberMapper">
    <insert id="insertMember" parameterType="Member">
        insert into member
        (username, userid, passwd, phone, email, addr1, addr2, zipcode)
        values (#{username}, #{userid}, #{passwd}, #{phone}, #{email}, #{addr1}, #{addr2}, #{zipcode})
    </insert>

    <select id="selectMember" resultType="Member">
        select * from member
    </select>

    <select id="selectOneMember" resultType="Member">
        select * from member
        where userid = #{userid} and passwd = #{passwd}
    </select>

    <select id="selectOneUserid" resultType="Integer">
        select count(userid) cnt from member where userid = #{uid}
    </select>

    <select id="findZipcode" resultType="Zipcode">
        select * from zipcode where dong like #{dong}
    </select>

    <!-- 회원탈퇴 -->
    <delete id="deleteMember" parameterType="Member">
        delete from member
        where userid = #{userid} and passwd = #{passwd}
    </delete>

    <!-- 회원정보 수정-->
    <update id="updateMember" parameterType="Member">
        update member set
        passwd = #{passwd},
        phone = #{phone},
        email = #{email},
        zipcode = #{zipcode},
        addr1 = #{addr1},
        addr2 = #{addr2} where userid = #{userid}
    </update>

</mapper>