<?xml version="1.0" encoding="UTF-8" ?>
<!DOCTYPE mapper
        PUBLIC "-//mybatis.org//DTD Mapper 3.0//EN"
        "https://mybatis.org/dtd/mybatis-3-mapper.dtd">

<mapper namespace="com.perfume.mybatis.NoticeMapper">
    <!-- view result -->
    <resultMap id="na" type="NoticeAttach">
        <result column="nname" property="nname" />
        <result column="ntype" property="ntype" />
        <result column="nsize" property="nsize" />
        <result column="ndown" property="ndown" />
    </resultMap>
    <resultMap id="nna" type="Notice">
        <result column="nno" property="nno" />
        <result column="title" property="title" />
        <result column="contents" property="contents" />
        <result column="userid" property="userid" />
        <result column="views" property="views" />
        <result column="thumbs" property="thumbs" />
        <result column="regdate" property="regdate" />
        <collection property="noticeAttach" resultMap="na" />
    </resultMap>


    <insert id="insertNotice" parameterType="Notice">
        insert into notice (title, userid, contents)
        values (#{title}, #{userid}, #{contents})
    </insert>

    <select id="lastNoticeNno">
        select last_insert_id() from notice limit 1, 1
    </select>

    <insert id="insertNoticeAttach" parameterType="NoticeAttach">
        insert into noticeattach (nno, nname, ntype, nsize)
        values (#{nno}, #{nname}, #{ntype}, #{nsize})
    </insert>

    <select id="selectNotice" resultType="Notice">
        select * from notice order by nno desc limit #{stnum}, 10
    </select>

    <select id="selectOneNotice" resultMap="nna">
        select * from nna where nno = #{nno}
    </select>

    <select id="selectOneNoticeAttach" resultType="NoticeAttach">
        select * from noticeattach where nno = #{nno}
    </select>

    <update id="viewsUp">
        update notice set views=views+1 where nno=${nno}
    </update>

    <select id="countPage">
        select ceil(count(*) / 10) cntpg from notice
    </select>

    <delete id="deleteNotice">
        delete from notice where nno=#{nno}
    </delete>

    <update id="modifyNotice" parameterType="Notice">
        update notice set title=#{title}, contents=#{contents} where nno=#{nno}
    </update>

    <update id="modifyNoticeAttach" parameterType="NoticeAttach">
        update noticeattach set nname=#{nname}, ntype=#{ntype}, nsize=#{nsize}, ndown=#{ndown} where nno=#{nno}
    </update>

    <select id="findNotice" parameterType="map" resultType="Notice">
        select * from notice
        where ${findtype} like concat ('%',#{findkey},'%')
        order by nno desc limit #{stnum}, 10
    </select>

</mapper>