<?xml version="1.0" encoding="UTF-8" ?>
<!DOCTYPE mapper
        PUBLIC "-//mybatis.org//DTD Mapper 3.0//EN"
        "https://mybatis.org/dtd/mybatis-3-mapper.dtd">

<mapper namespace="com.perfume.mybatis.OrderMapper">

    <insert id="insertOrders" parameterType="Integer">
        insert into orders (mno) value(#{mno})
    </insert>

    <insert id="insertOrder_Detail" parameterType="Order_Detail">
        insert into order_detail (orderno, pfno, quantity, result) values(#{orderno},#{pfno},#{quantity},'1')
    </insert>
    <select id="selectOneOrder" resultType="Integer">
        select ono from orders
        where mno = #{mno}
    </select>
    <select id="selectOrder_View" resultType="Order_view">
        select * from order_view
        where mno = #{mno}
        order by odno desc
    </select>
    <insert id="insertCart" parameterType="Cart">
        insert into cart (mno,pno) values(#{mno},#{pno})
    </insert>
    <select id="selectCart_View" resultType="Cart_view">
        select * from cart_view
        where mno = #{mno}
        order by cno desc
    </select>

    <select id="selectCart_ViewSum" resultType="Integer">
        select nvl(sum(price),0) from cart_view
        where mno = #{mno}
    </select>
    <select id="selectCart_ViewList" resultType="Integer">
        select count(mno) from cart_view
        where mno = #{mno}
    </select>
</mapper>