<?xml version="1.0" encoding="UTF-8" ?>
<!DOCTYPE mapper
        PUBLIC "-//mybatis.org//DTD Mapper 3.0//EN"
        "https://mybatis.org/dtd/mybatis-3-mapper.dtd">

<mapper namespace="com.perfume.mybatis.PerfumeMapper">

    <!-- view result -->
    <resultMap id="pa" type="PerfumeAttach">
        <result column="pname" property="pname" />
        <result column="psize" property="psize" />
    </resultMap>

    <resultMap id="ppa" type="Perfume">
        <result column="pno" property="pno" />
        <result column="name" property="name" />
        <result column="brand" property="brand" />
        <result column="volume" property="volume" />
        <result column="price" property="price" />
        <collection property="pa" resultMap="pa" />
    </resultMap>

    <insert id="insertPerfume" parameterType="Perfume">
        insert into perfume (name, brand, volume, price)
        values (#{name}, #{brand}, #{volume}, #{price})
    </insert>

    <insert id="insertPerfumeAttach" parameterType="PerfumeAttach">
        insert into perfumeattach (pno, pname, psize)
        values (#{pno}, #{pname}, #{psize})
    </insert>

    <select id="countPage">
        select ceil(count(*) / 10) cntpg from perfume
    </select>

    <select id="selectPerfume" resultMap="ppa">
        select * from ppa order by pno desc limit #{stnum}, 9
    </select>

    <select id="selectOnePerfume" resultMap="ppa">
        select * from ppa where pno= #{pno}
    </select>



    <select id="lastPerPno">
        select AUTO_INCREMENT -1 gno from information_schema.TABLES where TABLE_NAME = 'perfume'
    </select>

    <select id="category" parameterType="String" resultMap="ppa">
        select * from ppa where brand = #{param}
    </select>

    <insert id="insertComment" parameterType="PComment">
        insert into pcomment (pno, comment, userid)
        values (#{pno}, #{comment}, #{userid})
    </insert>

    <select id="selectComment" resultType="PComment">
        select * from pcomment where pno = #{pno}
    </select>

    <insert id="insertQuestion" parameterType="PQuestion">
        insert into pquestion (pno, question, userid)
        values (#{pno}, #{question}, #{userid})
    </insert>

    <select id="selectQuestion" resultType="PQuestion">
        select * from pquestion where pno = #{pno}
    </select>

</mapper>